Hours Studied,Previous Scores,Extracurricular Activities,Sleep Hours,Sample Question Papers Practiced,Performance Index
7,99,Yes,9,1,91
4,82,No,4,2,65
8,51,Yes,7,2,45
5,52,Yes,5,2,36
7,75,No,8,5,66
3,78,No,9,6,61
7,73,Yes,5,6,63
8,45,Yes,4,6,42
,77,No,8,2,61
4,89,No,4,0,69
8,91,No,4,5,84
8,79,No,6,2,73
3,47,No,9,2,27
6,47,No,4,2,33
5,79,No,7,8,68
2,72,No,4,3,43
8,73,Yes,8,4,67
6,83,Yes,7,2,70
,54,Yes,4,9,30
5,75,No,7,0,63
1,99,Yes,4,3,71
6,96,No,9,0,85
9,74,Yes,7,6,73
1,85,No,5,6,57
3,61,No,6,3,35
7,62,Yes,7,4,49
4,79,No,8,9,66
9,84,Yes,6,6,83
3,940,Yes,6,5,74
5,90,Yes,4,3,74
3,61,Yes,7,3,39
7,44,Yes,9,1,36
5,70,Yes,6,9,58
9,52,Yes,8,1,47
7,67,Yes,9,3,60
2,97,Yes,9,4,74
4,59,No,8,3,42
9,72,No,8,2,68
2,55,Yes,4,1,32
9,68,No,5,3,64
5,62,No,7,4,45
2,63,Yes,6,0,39
4,73,Yes,7,0,58
7,46,No,9,5,36
8,77,Yes,6,4,71
3,76,Yes,4,3,54
1,43,Yes,7,0,17
4,73,No,4,6,54
,81,Yes,4,3,58
8,61,No,7,2,53
4,44,Yes,7,6,27
2,89,Yes,6,1,65
6,81,No,9,9,75
6,62,Yes,9,0,52
4,93,No,8,3,78
6,99,No,4,7,91
2,54,Yes,9,5,33
2,70,Yes,5,8,47
4,98,No,6,0,78
8,48,No,6,0,38
7,82,Yes,8,4,70
9,97,Yes,8,5,98
8,92,Yes,4,7,87
5,64,Yes,6,2,49
2,64,Yes,6,5,41
5,88,No,5,2,71
8,60,No,4,7,54
9,48,No,4,3,42
9,940,No,9,1,91
1,87,Yes,8,8,61
9,77,No,9,9,74
7,61,Yes,4,7,54
9,82,Yes,5,5,81
8,62,Yes,4,2,52
1,88,Yes,9,1,65
8,43,Yes,7,3,36
8,68,No,7,3,61
3,54,Yes,5,0,35
1,40,Yes,8,8,15
8,93,Yes,6,9,88
3,69,No,4,7,45
3,68,Yes,9,6,49
1,59,Yes,8,5,33
5,72,Yes,9,2,60
7,80,No,8,3,71
9,83,Yes,4,1,81
7,75,No,6,6,67
9,99,No,4,1,95
8,61,Yes,6,9,58
2,52,No,9,0,29
1,46,No,5,5,21
7,47,Yes,6,3,38
7,67,Yes,8,7,60
8,84,Yes,5,0,76
5,82,Yes,9,8,69
3,48,No,7,5,30
8,64,No,5,1,57
6,95,Yes,6,7,81
,55,Yes,5,4,36
1,49,Yes,9,4,25
3,50,No,5,4,27
5,70,Yes,9,6,61
3,51,No,7,6,34
1,99,No,6,9,76
5,70,No,8,6,57
7,53,No,5,9,45
7,90,Yes,4,1,76
9,83,Yes,8,7,83
3,71,Yes,5,0,50
7,89,No,8,1,81
1,92,No,4,6,66
4,56,Yes,8,3,38
4,74,No,8,9,56
5,40,No,4,9,25
7,68,No,4,8,56
7,90,Yes,4,8,82
4,43,Yes,7,2,23
7,62,Yes,9,2,56
3,670,No,9,8,46
6,55,Yes,4,9,43
2,51,Yes,9,7,30
9,92,Yes,8,0,92
5,60,No,4,5,45
6,84,No,5,6,70
4,56,No,4,7,36
7,79,No,4,1,71
9,52,No,9,0,49
7,91,Yes,6,3,82
1,97,Yes,8,0,71
1,71,No,9,1,43
9,76,No,8,2,77
9,89,Yes,5,3,86
4,54,No,7,5,34
9,51,No,6,7,49
3,88,No,5,8,69
7,96,No,5,3,84
6,54,No,8,0,41
8,73,Yes,6,4,68
9,45,Yes,8,4,44
5,56,No,7,8,41
1,87,No,8,5,58
3,88,Yes,4,4,68
8,96,No,8,9,94
6,59,Yes,4,9,47
8,48,No,5,4,40
9,98,Yes,7,7,100
4,44,Yes,9,0,23
1,62,No,4,4,36
1,72,No,7,0,47
4,77,Yes,8,6,60
7,95,No,9,6,83
2,53,Yes,8,9,33
3,56,No,5,7,36
1,96,No,8,6,74
5,58,No,4,8,42
1,72,Yes,5,7,47
8,40,Yes,7,7,31
1,52,No,5,2,26
1,85,Yes,7,9,58
2,66,No,6,3,42
2,45,Yes,4,3,18
6,98,No,4,0,85
7,45,Yes,7,5,36
5,72,Yes,8,1,58
1,69,Yes,9,8,45
1,85,Yes,8,0,60
3,74,Yes,6,0,56
2,62,Yes,7,9,42
5,49,No,6,5,33
6,90,No,7,0,77
7,58,Yes,6,2,51
4,90,No,7,9,72
7,67,Yes,4,1,57
8,62,No,6,8,53
1,43,No,6,4,16
6,59,No,7,5,45
8,58,No,5,1,49
5,81,Yes,5,7,67
4,66,No,4,5,49
2,96,No,8,7,73
6,73,No,8,7,65
6,43,Yes,4,0,27
1,95,No,8,6,72
9,77,Yes,9,1,74
6,46,Yes,9,7,38
3,87,No,9,1,67
4,46,Yes,9,3,28
4,89,No,7,1,73
3,91,No,5,6,72
3,65,No,4,4,42
3,65,No,7,8,47
4,93,No,9,4,77
7,58,No,4,7,49
4,48,No,5,1,30
9,59,Yes,8,2,54
1,81,Yes,7,5,56
8,84,No,5,6,75
7,89,No,4,9,78
,55,Yes,6,7,32
8,93,No,7,2,89
1,56,Yes,4,6,29
9,61,Yes,4,7,57
9,52,No,5,9,48
2,51,No,4,5,27
7,49,Yes,7,3,38
3,40,Yes,9,5,18
7,71,No,7,8,66
9,69,No,4,2,65
4,0.47,Yes,5,1,27
1,60,Yes,7,4,33
2,61,Yes,6,6,37
1,57,No,9,2,29
5,41,No,8,4,26
5,87,No,5,3,72
7,83,Yes,5,6,77
9,48,Yes,8,1,45
9,42,No,8,6,41
3,93,Yes,7,1,73
3,65,Yes,4,2,43
3,60,Yes,4,4,39
4,69,Yes,6,6,54
8,67,Yes,9,5,62
6,75,No,4,6,63
8,65,No,6,5,59
1,73,No,6,0,46
8,47,No,5,4,42
4,49,No,5,0,30
1,87,Yes,9,6,63
8,94,Yes,7,3,89
4,82,Yes,8,4,62
6,89,No,8,0,77
8,93,Yes,9,7,88
4,53,Yes,6,3,35
3,79,Yes,9,2,60
9,94,No,8,0,92
3,54,Yes,6,3,38
9,56,Yes,8,2,56
2,92,No,7,7,70
2,57,No,5,8,35
2,71,Yes,5,4,47
6,77,No,6,8,66
3,62,Yes,9,0,43
9,85,No,8,6,81
4,62,Yes,4,6,43
1,74,Yes,7,5,46
4,78,No,8,3,61
1,54,No,4,8,27
5,92,No,7,2,77
4,63,No,7,,43
8,67,Yes,5,1,60
8,55,No,6,2,48
7,55,Yes,8,1,47
3,79,Yes,7,5,60
1,78,Yes,8,6,53
1,45,No,7,4,19
3,41,Yes,9,4,23
6,93,Yes,5,6,81
7,52,No,6,5,41
6,83,Yes,4,7,71
6,86,Yes,4,8,75
6,98,Yes,9,1,89
3,48,No,5,1,28
6,73,Yes,7,0,60
8,56,Yes,5,6,54
2,66,Yes,6,3,41
5,68,No,4,8,52
1,76,No,8,5,53
1,82,No,4,6,52
5,61,Yes,6,6,47
3,90,Yes,7,7,71
4,63,Yes,5,3,42
3,46,Yes,4,2,21
1,73,Yes,4,2,48
1,87,No,8,9,64
5,51,Yes,5,7,38
6,62,Yes,8,2,49
3,54,No,8,7,35
9,72,No,7,1,73
5,96,Yes,4,4,81
8,52,No,9,4,47
1,62,No,5,6,36
5,77,No,7,4,63
3,71,Yes,9,8,52
1,84,No,7,2,58
4,89,Yes,7,8,77
5,74,No,6,0,58
7,40,Yes,6,2,33
1,86,Yes,7,3,67
3,97,Yes,6,5,76
2,84,No,5,9,62
9,44,No,4,7,37
6,96,No,9,6,86
3,52,Yes,5,7,37
8,93,No,4,5,88
8,44,No,6,5,38
2,99,Yes,9,5,76
6,71,No,5,2,57
7,90,Yes,8,9,82
2,60,No,7,3,35
2,63,Yes,4,5,41
1,99,Yes,4,6,75
8,57,No,8,2,51
1,60,Yes,8,3,34
9,93,No,7,5,92
6,49,No,6,0,39
7,63,No,5,6,56
7,79,No,5,0,69
3,86,Yes,5,9,69
2,60,Yes,6,8,40
9,64,Yes,7,9,63
8,91,No,5,8,86
7,99,No,4,8,89
9,96,Yes,4,3,94
4,98,Yes,4,1,79
4,62,No,8,6,44
1,61,No,8,3,33
8,43,No,6,4,36
3,73,Yes,5,,50
7,95,No,8,9,94
2,45,Yes,4,5,22
2,67,No,8,6,44
7,70,Yes,4,2,60
6,74,No,5,9,64
3,78,Yes,6,1,58
9,81,Yes,7,9,78
6,62,Yes,7,6,51
6,45,No,4,0,30
1,55,Yes,8,1,29
4,41,Yes,8,2,22
6,63,No,4,3,51
6,56,Yes,5,4,45
5,84,Yes,4,3,70
1,40,No,5,9,10
8,45,Yes,6,2,38
5,44,No,6,0,30
5,96,Yes,4,6,82
7,84,No,6,9,74
4,99,Yes,8,5,87
6,94,Yes,5,1,77
4,89,Yes,7,1,72
3,68,No,7,2,51
7,51,Yes,6,7,40
8,78,Yes,5,7,72
4,86,No,8,9,68
2,42,No,7,9,22
3,87,No,8,9,67
1,40,Yes,8,9,18
8,66,Yes,7,7,64
,87,Yes,7,6,66
7,63,No,6,1,50
5,83,No,5,0,68
5,58,Yes,4,5,44
7,98,Yes,5,7,90
9,47,No,4,0,41
5,94,No,7,2,83
1,83,No,8,0,57
1,86,Yes,5,9,64
2,41,No,8,8,18
6,0.69,No,5,6,62
9,69,No,9,7,66
8,88,No,5,8,85
5,78,Yes,8,2,62
1,84,No,9,9,62
7,71,Yes,6,1,62
5,40,Yes,7,5,26
6,77,No,6,4,66
7,52,No,6,3,43
3,50,Yes,5,5,30
3,49,No,7,5,25
5,87,Yes,9,2,77
6,98,No,5,1,88
9,65,Yes,4,8,62
5,95,Yes,5,7,82
1,94,Yes,9,3,73
4,59,No,8,5,44
5,56,Yes,5,2,40
5,56,Yes,4,7,39
7,43,No,5,2,34
4,44,No,9,1,27
1,99,Yes,4,6,73
5,62,Yes,7,2,46
7,85,No,9,8,78
6,91,Yes,5,2,80
5,49,No,4,7,33
4,85,No,9,1,68
2,67,No,7,8,45
4,72,Yes,8,0,56
3,82,No,6,2,58
1,65,Yes,4,1,37
8,94,Yes,8,6,88
5,89,No,7,4,75
4,87,No,8,7,70
8,68,No,5,1,62
7,66,No,6,7,57
2,57,Yes,4,6,32
1,79,Yes,9,4,53
4,99,No,7,1,82
8,49,Yes,6,9,41
,97,No,7,6,75
3,81,Yes,8,9,63
1,44,Yes,7,3,17
1,49,Yes,7,3,24
3,89,No,8,7,69
5,60,Yes,8,5,47
3,63,Yes,6,8,43
1,77,Yes,4,1,48
1,42,Yes,8,4,17
8,79,No,6,5,75
2,70,Yes,7,7,54
3,80,No,7,3,59
2,76,No,9,6,56
3,41,Yes,5,6,20
7,41,Yes,8,3,34
1,78,No,6,0,54
8,88,No,9,2,83
2,81,No,6,1,59
3,83,Yes,4,2,63
9,73,Yes,9,4,72
7,81,No,6,0,70
4,59,No,8,4,41
5,72,No,6,1,54
2,43,Yes,5,3,21
8,84,Yes,7,5,83
4,83,No,7,8,64
9,50,Yes,9,9,51
5,81,No,6,5,66
9,86,Yes,6,9,83
4,44,No,6,1,26
5,64,Yes,6,7,49
9,88,Yes,5,4,85
8,99,Yes,8,8,95
3,76,Yes,5,9,56
1,73,Yes,5,8,50
3,48,Yes,5,3,23
4,45,Yes,7,0,26
2,57,No,5,8,30
1,53,No,6,8,28
7,58,No,5,7,48
8,53,Yes,6,4,46
7,79,Yes,9,4,73
5,56,Yes,8,9,45
1,99,No,7,5,76
7,74,No,8,0,71
7,68,No,9,8,60
9,81,No,8,4,77
3,56,No,7,6,36
9,98,No,6,7,96
1,82,Yes,9,4,62
1,47,No,Nine,2,22
4,40,Yes,6,5,21
9,84,No,6,6,79
6,92,No,7,3,82
3,75,Yes,5,8,55
1,46,Yes,4,3,22
4,85,Yes,5,9,70
9,44,No,5,1,37
3,63,No,8,8,42
9,67,Yes,4,3,64
7,82,No,6,,72
4,56,Yes,5,9,42
3,76,No,7,0,56
5,59,No,5,1,43
5,42,No,6,2,24
3,76,Yes,5,6,55
9,65,No,9,8,64
4,54,Yes,8,4,34
5,90,Yes,8,3,78
4,87,Yes,5,1,71
5,47,Yes,8,6,33
7,52,Yes,7,5,46
9,87,Yes,4,6,86
7,42,Yes,5,7,34
5,40,Yes,7,8,26
7,48,Yes,9,9,44
5,70,No,7,4,53
3,80,Yes,7,4,61
7,93,No,9,3,84
2,65,Yes,6,2,40
9,56,No,5,6,53
1,95,No,5,4,67
6,73,No,5,6,58
7,48,No,4,1,41
8,95,No,7,8,89
9,90,No,5,8,85
2,52,Yes,8,8,33
2,44,Yes,6,4,20
5,80,Yes,9,9,66
5,52,Yes,9,8,38
6,40,Yes,4,0,25
3,64,Yes,9,1,43
8,86,No,6,9,79
1,43,Yes,7,4,16
6,75,No,9,4,67
4,91,No,9,5,80
1,49,No,8,7,26
7,67,No,7,0,57
9,96,No,5,9,91
4,45,No,6,8,29
4,66,Yes,9,3,48
6,95,No,8,7,84
3,51,No,6,4,33
6,91,Yes,4,0,82
7,87,Yes,8,8,81
3,42,Yes,4,7,24
7,85,Yes,9,4,81
3,72,Yes,8,3,54
2,49,Yes,5,7,25
4,70,Yes,6,8,53
8,54,No,Six,6,48
9,46,Yes,7,3,40
7,75,No,8,6,66
1,53,Yes,8,5,29
3,95,Yes,4,2,73
9,87,No,8,9,89
1,53,Yes,6,2,27
9,42,Yes,8,0,40
8,88,Yes,7,4,83
1,92,Yes,7,7,69
6,85,Yes,6,5,72
5,89,Yes,6,7,77
6,42,Yes,6,6,32
5,61,No,8,1,49
6,58,Yes,8,7,44
5,74,No,5,3,57
5,51,No,9,4,34
4,93,No,9,7,76
3,44,No,4,4,22
3,49,No,8,4,30
4,80,No,5,5,67
9,72,No,5,6,71
2,52,Yes,7,8,29
9,74,Yes,8,6,74
1,90,Yes,5,5,67
1,71,No,7,9,46
5,50,Yes,4,3,34
6,87,No,7,9,76
6,77,No,4,1,64
3,63,Yes,9,8,46
7,74,No,9,9,68
9,58,No,6,4,58
8,45,Yes,6,4,41
6,79,No,7,2,64
8,93,Yes,6,2,84
5,84,No,8,0,70
8,83,No,7,4,77
4,81,Yes,5,2,60
8,74,Yes,8,1,65
2,43,Yes,7,8,21
5,72,No,9,9,60
9,52,No,4,5,48
4,95,Yes,6,2,77
6,75,Yes,6,6,63
1,93,Yes,6,8,68
9,82,No,7,8,81
1,58,No,8,0,29
5,82,Yes,4,1,66
4,51,Yes,6,7,36
3,50,Yes,8,0,29
6,45,No,5,2,32
2,51,Yes,9,6,31
3,66,Yes,5,7,45
5,80,Yes,4,4,65
9,64,No,6,1,57
2,81,No,5,2,58
8,42,Yes,9,8,38
2,42,No,8,9,22
5,59,Yes,8,6,48
7,67,Yes,5,0,59
8,62,Yes,6,2,58
1,87,Yes,9,8,62
6,42,No,4,6,30
1,81,Yes,6,1,56
2,63,Yes,7,5,40
1,82,No,5,8,59
5,79,Yes,7,3,65
9,45,No,5,9,43
6,59,Yes,4,1,48
1,50,Yes,6,2,24
1,71,Yes,9,6,51
2,99,Yes,6,3,81
9,66,No,5,6,62
3,60,Yes,8,4,43
1,83,No,7,7,63
5,87,No,9,7,73
7,89,No,9,4,76
6,52,Yes,6,6,43
1,61,No,6,5,34
5,74,No,5,7,57
5,86,No,8,8,72
6,61,Yes,7,4,47
3,67,Yes,8,6,52
5,60,No,9,0,49
7,85,No,8,7,77
5,57,Yes,5,2,41
5,70,No,8,0,56
5,99,No,7,5,89
3,85,No,9,7,65
1,76,Yes,4,2,49
5,600,No,9,0,48
9,53,No,4,2,47
1,64,Yes,7,4,37
3,66,No,9,7,48
4,79,Yes,9,8,61
1,99,Yes,9,8,77
1,99,Yes,9,3,75
8,62,No,5,7,57
2,70,No,6,4,45
8,86,No,9,2,82
7,99,No,?,4,90
2,68,No,7,1,42
6,86,No,9,5,74
6,69,No,8,0,60
3,90,No,9,5,73
2,65,Yes,9,4,40
1,59,No,4,8,32
6,77,No,8,6,67
5,58,Yes,9,5,46
9,66,No,9,6,65
1,64,Yes,9,9,42
7,79,No,5,4,69
5,77,No,7,0,62
5,91,Yes,4,8,75
2,62,Yes,9,4,40
3,68,No,7,3,43
7,54,Yes,4,5,42
6,98,No,4,4,84
2,42,No,4,0,15
6,49,No,9,1,39
2,54,No,5,3,26
2,95,No,9,7,73
2,55,No,9,4,34
3,56,Yes,7,6,34
2,58,Yes,6,1,37
4,50,Yes,6,7,34
9,87,No,6,4,85
6,44,Yes,7,3,31
1,44,No,8,8,18
8,97,Yes,7,5,92
7,53,No,4,3,44
3,89,No,9,7,72
1,65,No,8,2,40
5,47,No,4,9,31
4,44,No,9,1,25
8,46,Yes,9,6,44
1,55,No,4,3,27
1,94,Yes,7,3,66
4,53,No,6,9,34
8,76,No,8,8,70
5,95,No,9,1,81
2,80,Yes,5,0,56
6,43,No,9,6,30
5,75,Yes,6,7,60
2,87,No,9,2,64
3,95,Yes,5,1,74
9,56,Yes,7,3,52
7,86,Yes,9,1,84
7,75,No,8,1,66
6,45,No,7,4,32
8,55,Yes,5,9,47
4,68,No,4,4,51
8,75,No,9,7,67
4,77,No,7,8,57
8,76,Yes,9,1,71
9,87,Yes,8,0,86
3,96,No,9,2,77
3,87,Yes,7,5,72
2,49,No,6,4,24
3,80,No,7,7,60
3,75,Yes,5,7,55
5,68,Yes,7,1,54
5,53,No,8,8,39
2,43,No,7,3,19
6,83,No,7,0,68
5,95,Yes,8,1,83
6,81,Yes,7,5,72
1,75,No,8,4,49
5,89,No,5,6,74
9,84,Yes,8,8,86
2,52,No,5,5,26
1,85,Yes,5,5,60
9,57,Yes,8,1,54
9,72,No,7,6,73
9,60,No,9,1,61
6,55,Yes,6,6,45
8,54,No,9,7,57
1,93,Yes,8,0,68
4,96,Yes,7,8,72
1,44,Yes,5,7,17
8,45,No,4,8,37
1,77,No,6,4,54
3,42,No,9,3,22
4,87,Yes,7,0,73
8,51,Yes,6,8,47
6,75,Yes,4,3,63
7,72,Yes,4,3,63
8,75,No,4,3,68
2,72,No,9,1,52
8,70,No,8,3,64
3,60,Yes,6,1,38
7,66,Yes,8,7,60
3,66,No,4,6,45
7,47,Yes,7,9,39
2,95,No,4,1,75
6,76,Yes,8,1,67
3,71,Yes,4,1,48
3,65,Yes,4,0,44
9,41,Yes,8,5,37
7,51,Yes,8,5,41
5,61,No,?,0,47
7,56,No,8,0,45
9,46,No,7,5,43
1,82,Yes,5,5,54
7,43,No,5,3,32
6,76,No,8,2,64
9,77,Yes,4,8,74
1,71,Yes,6,5,50
4,50,No,4,0,33
9,40,No,8,2,36
4,64,No,7,0,45
3,81,No,4,2,58
9,91,No,5,1,85
2,63,Yes,9,4,41
4,92,No,8,2,78
6,82,No,4,6,63
2,95,No,9,7,76
8,56,No,4,6,51
8,47,No,7,1,36
1,98,No,7,9,74
3,84,Yes,7,9,65
9,66,Yes,9,6,65
5,91,Yes,6,9,79
6,57,No,9,2,46
4,66,No,8,6,47
2,61,Yes,8,0,42
8,55,No,5,1,46
6,41,No,5,9,34
5,44,No,8,0,27
9,57,Yes,4,8,52
1,42,Yes,8,1,17
5,66,Yes,6,1,53
6,93,No,5,5,84
5,56,Yes,5,6,39
6,55,Yes,9,1,44
6,45,Yes,5,3,36
7,90,No,8,2,81
4,46,Yes,5,4,30
8,89,Yes,5,8,80
7,53,No,9,1,41
9,77,Yes,8,4,77
7,79,No,4,7,69
3,54,No,5,5,34
3,86,Yes,5,3,64
8,86,Yes,5,9,78
5,87,Yes,6,7,74
4,72,No,8,2,52
8,82,Yes,5,3,76
6,66,Yes,6,8,53
2,68,Yes,4,4,46
4,96,No,4,5,77
4,76,No,9,1,59
6,44,No,9,8,35
6,68,Yes,9,7,61
1,71,Yes,6,6,46
8,99,No,4,8,97
6,92,Yes,9,4,86
3,45,Yes,7,4,24
9,41,No,9,8,37
2,45,No,4,4,18
8,85,No,7,8,84
3,82,Yes,6,0,59
5,43,Yes,7,9,29
6,95,Yes,4,9,84
6,68,No,5,7,60
4,98,No,7,2,78
3,64,Yes,4,7,46
4,48,No,9,4,31
1,95,No,5,1,68
4,42,Yes,6,8,25
1,65,No,6,3,37
1,87,Yes,8,6,62
6,82,No,6,7,69
5,66,Yes,8,6,50
4,75,No,6,5,55
3,71,Yes,6,6,54
1,40,No,6,3,12
6,96,No,8,9,88
2,92,No,9,0,69
8,93,No,8,4,88
5,55,No,7,7,41
7,90,Yes,4,9,83
2,87,Yes,4,5,62
8,50,Yes,9,4,45
2,65,No,4,1,42
4,79,Yes,6,9,65
1,94,No,9,4,73
5,40,No,4,9,23
9,65,Yes,8,2,61
1,67,Yes,7,1,41
9,92,No,5,2,85
8,97,No,7,3,93
6,48,Yes,4,1,35
7,99,Yes,9,3,92
3,98,No,4,3,79
1,83,No,8,5,57
5,61,Yes,7,4,49
2,47,No,8,6,28
5,97,No,8,6,85
8,88,Yes,5,2,82
9,81,Yes,?,8,80
2,66,No,8,6,41
3,78,No,5,6,57
3,58,Yes,6,1,41
1,64,No,6,9,43
8,77,Yes,9,2,73
6,60,No,5,2,46
8,63,Yes,9,5,61
9,63,No,9,3,61
5,99,No,8,3,87
3,99,No,9,0,78
5,58,Yes,4,5,43
5,89,Yes,7,7,75
5,86,Yes,4,7,72
3,41,No,4,7,18
4,53,No,8,4,36
9,92,Yes,7,9,92
9,71,Yes,9,5,71
2,81,No,7,4,58
8,71,No,9,3,69
8,67,No,6,3,58
7,87,No,5,3,74
8,78,Yes,8,3,72
3,79,Yes,9,5,61
6,81,No,9,5,74
1,86,No,7,4,60
7,79,No,8,8,70
1,52,Yes,9,7,27
9,51,Yes,6,9,49
1,47,No,4,5,17
1,54,No,9,8,34
7,65,No,7,4,51
2,51,No,6,9,27
5,82,No,8,3,67
8,90,No,9,5,84
8,85,Yes,6,3,81
3,66,Yes,6,7,45
7,57,Yes,6,6,50
3,84,No,6,4,67
6,75,No,6,9,67
6,88,No,6,5,77
3,90,Yes,5,6,70
7,66,No,8,1,59
3,48,Yes,4,8,27
8,94,No,8,6,88
4,78,No,7,7,60
1,40,No,7,4,14
4,46,Yes,8,2,27
7,65,Yes,6,1,54
4,46,Yes,5,1,32
6,91,No,4,2,79
9,46,Yes,9,0,44
1,47,No,9,0,20
5,55,No,6,6,42
7,42,Yes,8,9,33
1,84,Yes,9,7,58
4,49,No,8,5,31
6,89,No,5,6,75
2,46,No,5,0,22
5,60,No,8,0,46
1,92,Yes,6,8,68
6,76,Yes,6,4,66
6,70,Yes,6,6,60
4,62,No,9,5,44
8,96,No,4,3,90
4,66,No,4,0,47
8,95,Yes,6,3,88
8,61,No,8,9,56
5,78,No,5,9,66
4,96,Yes,7,7,78
2,66,Yes,5,0,43
3,93,No,5,1,72
3,88,Yes,7,7,69
4,43,No,6,1,24
4,63,Yes,5,9,47
5,62,No,7,8,45
4,87,Yes,9,2,72
8,58,Yes,8,2,51
6,81,Yes,8,5,73
6,42,Yes,8,2,28
8,66,No,6,,56
7,42,No,5,7,29
8,67,Yes,5,3,60
2,56,No,4,5,28
9,70,Yes,8,7,66
1,49,Yes,6,3,21
8,88,No,7,4,84
4,61,No,6,6,42
4,69,No,5,7,51
5,88,No,8,6,74
8,60,No,4,7,50
5,75,No,9,3,62
8,92,No,6,0,90
1,62,Yes,4,5,32
9,77,No,5,4,71
6,51,Yes,7,3,37
3,64,No,6,1,42
8,93,No,9,0,85
9,96,Yes,5,8,96
6,59,Yes,8,1,51
7,88,Yes,6,8,82
1,88,Yes,4,5,64
5,81,No,6,5,67
5,46,No,5,1,32
4,68,Yes,5,5,50
6,87,Yes,4,2,73
7,68,No,9,6,62
9,52,No,5,9,48
1,42,Yes,6,3,20
6,41,No,9,8,33
7,55,No,4,4,43
3,69,Yes,5,9,49
8,77,Yes,5,2,70
5,45,Yes,6,0,28
9,84,Yes,5,0,82
5,46,No,6,3,29
9,44,Yes,8,9,42
4,95,No,9,9,79
9,46,No,6,3,41
5,73,No,7,8,61
9,71,No,5,7,69
3,88,Yes,8,3,68
4,52,No,9,5,38
9,69,Yes,4,6,67
6,64,No,7,9,54
2,60,Yes,4,7,39
7,99,No,7,3,93
2,98,No,8,0,76
2,60,Yes,9,4,39
1,67,Yes,8,0,38
3,87,Yes,8,3,69
6,97,Yes,7,6,88
8,59,No,6,6,54
9,73,No,9,0,68
7,44,No,4,8,33
4,57,No,6,1,40
6,99,No,6,4,87
5,78,Yes,5,5,64
8,82,Yes,4,0,70
1,96,No,7,1,70
1,96,Yes,5,6,72
6,50,No,5,5,38
2,93,No,8,5,71
5,56,Yes,7,5,40
1,87,No,6,6,58
7,84,Yes,9,9,77
1,61,No,6,8,38
4,76,Yes,6,8,60
9,59,No,8,1,57
1,87,No,6,1,63
4,99,Yes,4,4,82
6,93,No,6,9,84
6,93,No,6,6,84
8,87,Yes,4,2,77
1,87,Yes,8,2,61
7,85,Yes,5,3,73
1,45,No,7,2,15
7,73,Yes,8,2,64
3,53,Yes,6,7,33
8,87,Yes,5,6,78
3,62,No,7,6,43
1,59,Yes,7,9,34
8,52,No,7,1,48
3,86,No,4,8,66
2,83,Yes,4,5,60
1,80,No,5,2,53
3,71,No,6,8,51
2,65,No,5,8,43
2,89,No,6,5,68
6,92,No,8,9,80
1,53,Yes,7,5,26
2,91,Yes,7,7,70
6,96,Yes,4,7,85
3,75,No,8,5,57
4,47,Yes,9,6,30
1,79,No,8,3,56
8,61,No,6,0,53
7,61,No,8,3,52
7,55,No,4,7,47
3,66,Yes,6,7,48
3,95,No,5,1,78
2,99,Yes,6,6,79
1,99,Yes,5,0,75
7,49,No,9,1,40
7,64,Yes,6,7,59
2,70,Yes,7,9,49
7,60,Yes,9,3,48
8,66,No,5,2,60
1,56,No,4,1,29
9,72,No,9,5,68
7,70,Yes,9,,63
3,89,Yes,9,2,71
8,81,No,5,2,76
7,65,No,5,9,57
8,60,Yes,6,2,54
6,75,No,7,7,61
9,40,No,9,8,34
5,43,Yes,6,8,32
3,43,Yes,6,4,23
3,65,No,7,0,44
1,43,No,6,9,18
8,88,No,7,4,82
2,48,No,4,0,18
3,69,Yes,7,8,52
8,90,No,8,9,88
8,84,No,7,7,78
4,43,Yes,7,6,26
4,44,Yes,8,1,26
5,84,Yes,7,1,74
6,62,Yes,5,3,52
5,55,Yes,6,8,40
7,61,Yes,6,8,54
2,76,Yes,4,7,51
7,47,No,4,4,35
7,87,No,8,6,79
1,72,Yes,5,8,45
7,94,No,4,2,81
5,99,No,6,3,87
3,77,Yes,4,1,56
3,82,Yes,4,8,65
4,55,Yes,7,6,38
2,44,Yes,4,5,17
2,55,Yes,8,4,35
1,46,No,6,6,20
5,90,No,8,2,75
4,40,Yes,8,4,26
2,48,Yes,9,1,23
3,57,No,5,4,38
7,84,No,9,6,78
7,97,No,9,9,91
4,86,Yes,7,6,67
5,42,Yes,8,8,31
5,63,No,5,2,49
6,67,Yes,6,7,57
9,49,No,6,4,45
2,48,Yes,5,6,22
5,52,Yes,8,0,35
3,87,No,8,0,65
4,74,No,7,3,53
6,93,Yes,7,4,79
8,62,No,9,9,57
1,86,Yes,6,2,58
8,56,No,7,5,50
7,85,No,5,2,75
1,46,Yes,6,4,17
2,91,Yes,8,0,70
3,55,Yes,6,2,36
1,92,No,4,6,61
9,79,No,6,2,78
8,75,Yes,7,4,71
2,59,No,5,6,36
9,63,Yes,8,1,63
7,86,Yes,8,2,78
9,44,Yes,7,3,39
6,84,Yes,7,4,70
6,45,Yes,7,8,34
4,67,No,4,8,49
2,98,No,5,3,71
7,44,Yes,4,8,34
5,88,No,7,3,77
6,78,Yes,5,1,67
2,77,No,7,9,52
5,41,No,5,0,25
4,82,Yes,8,6,68
9,78,No,4,3,76
6,93,Yes,9,7,85
2,60,No,7,7,40
1,79,Yes,7,7,56
5,76,Yes,6,5,62
9,98,Yes,9,8,99
6,57,Yes,8,3,46
7,93,Yes,7,4,86
5,87,Yes,4,3,73
6,85,No,8,4,74
5,51,Yes,7,1,37
9,56,No,4,4,50
6,76,Yes,6,9,65
8,85,No,6,7,79
2,77,Yes,4,8,53
9,54,Yes,8,6,55
5,46,No,4,6,31
7,53,Yes,9,5,47
1,89,Yes,4,1,63
5,40,Yes,6,9,27
2,77,Yes,6,9,53
6,42,No,6,8,33
1,76,Yes,9,4,56
3,83,No,7,5,65
5,70,Yes,9,0,55
4,82,Yes,7,4,67
3,52,Yes,9,5,32
5,87,Yes,5,9,73
8,57,No,7,1,45
4,56,Yes,8,6,43
1,56,Yes,8,3,32
7,50,Yes,6,4,42
8,59,No,9,2,55
3,49,No,4,4,28
6,68,No,6,3,58
2,87,No,4,9,67
7,73,Yes,9,5,66
8,56,Yes,6,1,46
6,93,No,6,2,79
6,91,Yes,8,9,83
5,81,Yes,4,0,63
8,52,No,5,6,45
1,83,Yes,5,8,63
4,86,No,6,1,70
4,78,No,9,6,58
3,66,No,6,2,50
3,93,No,8,4,77
4,92,No,4,5,75
1,65,No,6,7,40
2,67,Yes,9,3,43
9,52,Yes,5,1,47
2,51,Yes,4,2,22
5,83,No,6,7,71
9,67,No,4,6,63
9,41,No,8,5,37
8,76,Yes,5,4,72
1,96,Yes,9,4,73
1,96,No,4,0,72
9,73,No,5,5,68
8,62,No,6,8,59
9,97,No,9,7,97
7,91,No,9,9,83
3,84,Yes,7,0,65
3,68,No,4,5,47
2,74,No,5,2,51
5,50,No,4,5,32
3,87,No,6,8,63
6,72,Yes,6,5,60
2,90,No,9,7,70
3,50,No,9,5,32
5,48,No,5,5,32
1,53,Yes,8,6,29
1,48,No,4,9,21
9,78,Yes,4,3,74
7,87,No,6,7,81
1,42,No,4,3,11
8,68,No,5,6,65
3,58,No,7,0,37
8,75,No,9,8,75
5,71,No,6,9,61
1,46,No,9,8,17
7,94,No,9,6,87
5,67,No,9,7,52
6,83,Yes,7,1,71
6,57,Yes,4,9,46
8,99,Yes,8,9,99
9,44,Yes,9,6,40
2,62,No,5,0,42
9,94,No,9,2,91
9,61,Yes,9,5,57
7,65,Yes,4,4,58
1,81,Yes,5,4,55
7,51,Yes,4,8,46
5,79,No,9,5,64
6,58,Yes,4,2,45
7,86,No,4,1,78
5,40,No,6,8,24
7,42,No,7,9,36
9,66,Yes,8,3,65
3,57,Yes,7,4,35
8,89,No,7,8,87
2,69,Yes,5,4,45
7,41,Yes,6,6,35
2,44,No,6,1,18
4,68,No,4,1,46
7,72,Yes,7,3,63
3,81,No,8,7,62
2,59,Yes,5,1,35
7,69,Yes,6,9,63
1,81,No,4,6,58
8,44,No,8,0,37
3,89,Yes,7,8,74
2,60,No,8,9,40
3,97,Yes,6,5,78
5,54,No,5,0,38
8,59,Yes,7,9,55
7,47,No,5,5,39
7,88,Yes,9,4,84
7,70,Yes,8,4,60
8,51,No,8,4,47
1,60,Yes,4,3,34
4,69,Yes,7,6,54
6,66,Yes,8,8,56
9,83,Yes,6,3,82
2,65,Yes,9,1,45
1,72,No,6,1,45
2,65,Yes,5,1,43
7,65,Yes,9,6,57
3,75,Yes,9,3,56
2,79,No,6,3,56
7,40,No,8,0,30
2,98,Yes,6,3,75
3,54,Yes,7,5,33
7,89,No,5,1,80
4,40,No,9,3,27
1,50,Yes,7,6,26
5,94,No,8,8,81
9,41,Yes,8,1,41
8,40,Yes,6,7,34
9,70,Yes,4,5,68
9,83,No,9,7,83
7,55,Yes,9,1,44
4,93,Yes,4,0,75
5,61,No,8,6,52
1,81,Yes,8,8,56
1,57,Yes,9,8,37
3,86,Yes,5,1,67
8,56,No,9,3,50
2,69,No,8,0,46
4,49,Yes,8,6,31
2,74,No,5,1,51
5,97,Yes,7,3,82
9,60,Yes,7,1,58
1,55,No,5,0,31
5,45,No,5,6,29
9,42,Yes,7,5,40
1,80,No,7,1,51
9,82,No,7,3,79
8,60,No,7,2,52
4,52,Yes,9,2,36
5,57,Yes,9,2,43
5,97,No,6,3,81
6,93,Yes,5,0,81
7,99,Yes,4,0,84
8,63,No,6,6,55
8,66,Yes,4,4,64
2,93,No,4,2,68
9,43,Yes,8,8,41
7,61,Yes,5,4,53
4,63,No,9,9,50
4,79,Yes,6,2,65
8,84,No,5,8,78
4,49,Yes,7,0,31
6,41,Yes,5,8,30
5,79,Yes,4,4,64
3,45,No,9,5,26
2,87,Yes,7,1,66
9,57,Yes,5,7,55
9,56,No,5,2,52
1,77,No,9,0,57
3,84,Yes,4,6,68
8,62,No,7,2,57
6,85,No,4,3,75
5,69,No,9,4,54
5,97,No,5,0,82
6,60,Yes,6,8,51
7,49,No,6,6,43
1,95,Yes,8,1,68
9,82,Yes,6,0,77
3,52,Yes,9,1,33
4,51,No,9,2,37
1,48,No,9,2,23
3,43,Yes,7,7,26
2,78,Yes,8,4,56
2,63,No,7,8,42
1,93,No,6,2,65
8,73,Yes,6,5,66
3,78,No,5,3,57
3,80,No,7,7,59
6,44,Yes,4,0,28
8,54,No,5,3,46
9,89,No,7,6,84
9,43,Yes,9,8,42
4,90,No,8,0,73
5,91,Yes,7,7,77
2,97,No,8,1,74
9,78,Yes,8,3,75
8,97,No,6,3,94
3,47,Yes,4,7,27
9,88,No,7,1,89
3,84,No,4,6,62
9,63,No,8,2,59
2,92,Yes,6,8,73
9,67,No,4,4,57
8,94,Yes,5,7,90
9,82,No,8,4,80
5,66,No,5,0,50
2,40,No,9,8,18
8,73,No,4,9,68
6,56,No,4,6,39
8,76,No,4,3,67
5,77,Yes,9,6,69
2,65,Yes,7,4,43
6,96,No,8,9,84
5,63,No,8,8,50
5,78,No,8,1,65
1,99,No,7,3,74
2,60,No,4,5,35
8,69,Yes,4,4,61
3,86,No,9,0,64
3,90,No,5,8,66
8,87,Yes,7,8,81
8,96,Yes,6,2,93
2,52,Yes,7,3,28
8,76,No,9,3,71
1,42,No,5,9,13
6,71,No,5,7,59
8,74,No,5,5,67
3,58,No,4,1,35
8,53,Yes,6,3,46
1,87,No,5,0,59
9,61,No,8,2,57
9,56,No,4,3,51
5,98,Yes,6,7,80
4,43,No,8,2,22
6,84,No,6,4,71
7,79,No,9,0,73
5,58,No,6,3,40
9,76,Yes,8,1,75
3,41,Yes,7,3,24
7,54,Yes,6,4,45
5,41,No,7,2,25
7,50,Yes,6,5,42
2,84,Yes,9,1,63
4,62,No,8,4,44
2,49,No,6,3,26
7,42,Yes,5,4,31
2,44,Yes,9,8,26
1,42,Yes,5,5,15
9,77,Yes,9,6,77
1,52,No,9,7,31
8,81,No,6,8,75
2,58,Yes,8,4,34
8,79,Yes,8,7,74
3,89,Yes,4,1,68
6,74,No,8,9,64
3,63,No,7,8,43
7,63,No,6,1,54
9,56,Yes,5,4,53
2,79,No,8,5,56
5,49,Yes,5,3,34
6,41,Yes,4,7,27
4,83,No,6,9,66
4,62,Yes,8,2,41
4,45,No,5,4,25
2,41,No,9,1,20
4,60,Yes,8,2,45
1,94,Yes,4,7,70
6,95,No,9,4,86
1,74,No,5,2,46
6,88,No,5,4,73
1,68,No,6,8,42
6,46,No,6,2,27
8,68,No,5,9,64
2,92,No,9,6,71
2,76,Yes,6,7,56
4,62,No,5,4,43
3,72,Yes,9,2,50
4,47,Yes,7,5,31
7,51,No,8,2,42
1,85,No,7,8,60
6,87,No,7,1,76
3,49,No,8,2,28
7,54,No,5,6,45
2,92,Yes,5,9,71
2,63,Yes,6,7,44
4,65,No,4,4,48
1,86,No,5,4,57
3,81,No,8,4,61
9,92,No,4,3,86
7,99,Yes,8,8,95
7,78,Yes,8,5,70
4,97,Yes,8,7,81
2,42,No,4,7,18
4,41,No,7,4,24
6,45,No,9,8,32
3,60,Yes,8,1,40
1,48,Yes,6,7,25
8,49,Yes,5,2,41
5,75,No,9,6,66
5,98,Yes,5,8,83
4,42,No,5,4,22
6,80,Yes,4,7,70
3,63,No,6,3,42
9,61,No,6,0,56
5,88,No,9,0,72
3,53,No,6,5,31
1,81,Yes,6,7,60
6,84,Yes,6,9,74
2,83,Yes,9,1,62
3,66,No,7,3,44
1,72,Yes,6,2,46
9,99,No,6,8,96
8,61,Yes,4,2,51
2,68,Yes,4,7,43
8,58,No,6,6,51
9,58,No,7,0,58
1,45,No,6,7,23
5,84,Yes,6,8,67
8,58,No,6,7,50
2,52,Yes,8,9,31
4,98,Yes,7,9,83
7,65,Yes,5,0,55
3,61,No,6,6,44
5,60,Yes,5,8,45
8,75,No,7,4,73
3,95,No,6,1,76
4,41,Yes,5,7,23
9,86,Yes,9,8,84
7,83,Yes,5,6,73
1,69,Yes,7,4,48
4,66,No,6,7,50
4,46,No,8,5,30
9,59,No,7,3,51
6,89,No,8,0,76
9,70,No,6,5,66
6,62,No,5,7,50
6,52,No,9,2,40
5,56,No,9,6,42
5,43,No,7,6,29
2,96,Yes,7,8,77
8,53,Yes,7,0,45
8,59,No,4,4,49
1,99,No,9,7,74
8,52,Yes,9,2,45
5,42,Yes,6,4,27
2,65,Yes,4,0,44
2,65,No,7,8,42
6,57,Yes,7,3,43
9,71,Yes,8,4,68
1,53,Yes,4,2,29
6,86,Yes,5,1,73
9,42,Yes,9,6,39
8,40,No,6,4,30
6,65,Yes,5,9,53
3,63,No,5,2,38
8,88,Yes,6,1,82
9,74,Yes,7,9,72
1,53,Yes,9,5,24
9,42,Yes,8,9,44
6,52,Yes,7,5,45
6,86,No,7,2,75
4,89,No,4,8,75
1,53,No,5,0,26
8,60,No,5,2,49
2,65,No,9,0,42
1,42,No,5,6,14
2,90,No,8,1,64
1,79,Yes,8,3,54
1,43,No,8,3,16
9,75,Yes,6,7,73
1,90,Yes,9,3,67
4,82,No,8,2,69
6,40,Yes,4,9,28
7,79,Yes,4,2,67
2,86,No,7,4,62
6,72,Yes,7,5,60
7,46,No,9,6,43
2,92,Yes,7,4,70
2,91,No,7,6,70
7,91,Yes,4,3,84
1,95,No,7,4,72
8,50,Yes,4,5,44
3,66,No,8,8,46
6,53,Yes,8,5,41
9,61,Yes,9,9,58
6,55,No,6,0,44
9,85,Yes,7,6,89
7,51,No,8,2,45
9,88,Yes,8,5,87
2,85,Yes,9,1,61
8,49,No,5,6,41
8,63,Yes,5,0,57
2,85,No,9,1,62
4,57,Yes,4,8,39
7,61,Yes,6,8,54
4,48,Yes,9,6,33
4,56,Yes,5,1,42
6,77,No,6,4,70
6,79,No,8,3,67
3,97,Yes,9,1,80
9,52,Yes,4,1,44
2,89,No,6,9,69
6,76,Yes,5,7,66
7,45,No,8,4,35
9,60,Yes,9,7,61
3,90,Yes,7,1,68
3,75,No,8,1,55
7,46,Yes,5,2,36
4,75,No,9,9,56
8,64,No,5,7,58
7,50,No,7,7,40
5,83,No,8,2,68
7,53,No,6,0,43
3,84,No,6,6,61
2,68,Yes,8,3,45
6,49,No,6,2,36
2,89,No,9,4,67
3,87,Yes,8,5,67
6,44,No,8,0,29
5,47,Yes,5,8,31
8,85,No,4,5,74
9,44,No,5,2,37
3,97,No,6,0,79
3,99,Yes,4,8,76
3,63,Yes,8,1,45
6,79,No,6,9,65
1,96,No,7,5,72
7,65,Yes,6,5,62
1,45,Yes,4,2,19
5,55,Yes,4,5,39
8,99,No,8,1,93
4,75,Yes,9,7,62
5,51,Yes,7,0,37
4,50,Yes,8,5,34
4,42,Yes,7,0,23
8,83,Yes,7,8,79
2,76,Yes,8,8,51
1,45,Yes,6,5,18
3,58,No,5,5,41
9,57,Yes,7,8,57
4,55,No,4,4,36
5,62,No,8,8,47
2,82,Yes,9,4,65
4,76,No,6,3,57
2,48,No,7,1,22
2,42,Yes,9,1,20
4,47,No,6,0,27
6,77,Yes,8,9,64
7,43,Yes,9,2,32
3,51,Yes,4,0,29
3,83,Yes,7,5,62
6,70,Yes,7,6,56
3,64,Yes,9,8,43
2,92,Yes,6,6,70
8,55,No,8,3,49
5,81,Yes,5,3,68
1,93,No,7,7,66
3,53,Yes,4,3,31
8,52,Yes,7,0,44
4,80,Yes,7,8,65
7,46,No,5,2,36
2,51,No,5,0,27
7,76,No,8,8,71
5,89,No,7,9,76
5,43,No,7,9,31
6,41,No,6,4,26
9,74,Yes,6,8,69
6,97,Yes,9,2,90
8,83,No,9,5,79
7,42,No,4,6,33
9,43,No,4,4,40
4,77,No,6,7,58
2,51,No,9,9,28
7,58,Yes,4,5,50
6,49,Yes,7,5,37
1,40,Yes,9,6,15
9,56,Yes,5,7,50
9,55,Yes,9,1,55
2,48,Yes,7,6,25
3,96,Yes,6,8,79
5,92,Yes,8,0,79
5,48,No,8,0,36
1,98,No,6,6,69
8,94,Yes,7,4,83
8,48,Yes,4,0,44
4,51,Yes,9,0,36
7,94,No,9,1,84
3,80,No,4,9,58
6,54,Yes,8,8,44
9,41,No,6,2,36
1,50,Yes,6,8,23
5,50,Yes,5,5,33
4,47,Yes,8,9,31
8,94,Yes,6,5,90
1,71,Yes,5,6,45
9,45,No,4,9,40
6,92,Yes,8,7,81
4,59,Yes,8,2,47
9,78,Yes,6,7,75
5,74,Yes,6,5,61
5,47,No,7,5,37
5,89,Yes,4,2,75
1,88,Yes,4,5,63
1,82,No,9,7,61
8,73,Yes,5,6,70
8,96,Yes,5,9,91
6,92,Yes,7,9,80
4,98,Yes,9,6,83
2,95,No,4,2,72
2,58,Yes,5,9,35
9,46,Yes,4,2,41
5,70,No,4,4,57
4,57,Yes,9,4,43
1,79,Yes,5,8,55
7,53,No,6,8,42
3,78,Yes,6,9,59
6,99,No,9,4,90
5,92,Yes,5,4,79
5,99,No,7,5,89
5,98,Yes,8,7,87
1,75,Yes,9,5,50
1,56,No,4,5,33
3,76,Yes,9,8,58
4,83,No,8,0,68
5,48,No,9,3,33
2,97,No,5,9,73
8,59,No,4,9,50
2,84,Yes,8,1,59
9,96,No,6,8,93
2,67,Yes,7,2,47
9,89,Yes,9,9,89
7,59,No,9,1,47
8,80,No,8,7,77
2,75,Yes,7,3,53
7,92,No,9,1,87
6,66,Yes,6,3,53
4,47,No,8,6,28
7,71,Yes,5,6,66
4,40,Yes,4,0,23
2,56,No,6,0,28
7,96,Yes,7,2,89
8,48,Yes,7,1,38
2,59,No,6,2,37
5,84,No,5,3,66
1,71,No,9,6,44
7,41,No,5,1,33
8,71,No,9,6,67
6,84,Yes,9,4,76
5,48,Yes,7,7,33
6,69,No,9,7,59
2,59,Yes,6,4,39
1,77,Yes,9,9,55
7,99,Yes,6,7,96
7,40,Yes,4,8,30
2,99,Yes,7,6,80
2,96,No,5,5,75
1,44,No,8,6,19
8,74,Yes,5,6,71
8,75,Yes,5,2,67
1,40,No,8,5,16
8,53,No,7,5,45
9,48,No,9,8,44
4,69,No,4,0,50
1,63,Yes,5,6,37
1,43,No,9,0,15
3,89,No,5,9,71
5,53,Yes,7,3,42
5,64,No,7,6,49
9,43,No,6,5,41
2,64,No,7,5,40
2,49,No,7,4,25
6,74,No,5,6,62
9,94,Yes,4,8,93
1,46,Yes,5,5,19
9,81,Yes,9,9,77
9,52,Yes,7,6,52
9,43,Yes,6,8,41
5,89,No,4,6,69
9,82,No,6,5,82
4,96,No,8,2,82
2,75,No,6,0,49
6,95,No,6,9,82
4,53,No,9,8,40
6,57,No,7,6,48
3,47,No,9,2,28
6,71,No,7,9,60
2,66,No,9,8,43
2,81,No,7,2,59
9,76,No,7,2,71
7,62,No,7,6,52
3,46,Yes,6,1,27
1,51,No,8,9,28
8,64,Yes,7,6,62
6,42,No,8,6,27
7,65,No,8,0,55
9,43,No,5,9,39
5,81,Yes,5,1,66
1,75,Yes,4,4,46
7,54,No,9,3,47
5,71,No,5,2,59
3,68,No,7,9,46
9,49,No,8,7,47
1,60,Yes,9,6,39
1,93,Yes,4,8,67
1,55,No,5,2,26
3,86,Yes,6,9,68
6,58,Yes,9,0,49
3,68,No,4,8,45
8,91,No,7,8,88
2,90,No,9,0,67
9,57,Yes,8,7,54
3,97,No,7,9,75
5,83,Yes,7,0,67
8,96,No,9,5,91
2,55,No,6,8,30
6,40,Yes,6,2,29
5,87,Yes,9,5,75
9,41,Yes,9,2,41
5,95,Yes,9,4,84
2,54,Yes,8,6,31
5,78,Yes,5,9,64
4,67,No,7,3,48
7,40,Yes,9,3,29
6,44,Yes,5,6,33
2,81,No,8,4,59
5,61,Yes,7,0,45
7,92,Yes,5,9,86
7,75,No,7,1,65
5,85,No,6,5,73
9,52,No,9,8,50
4,40,Yes,6,6,20
3,55,No,4,3,36
4,94,Yes,8,1,78
5,80,No,9,3,65
6,61,Yes,5,4,48
3,71,No,7,1,49
2,55,No,4,0,32
4,90,No,8,3,69
5,54,Yes,8,5,41
4,97,Yes,8,0,77
3,85,No,5,0,60
8,91,No,9,8,88
4,81,No,6,4,61
2,92,No,4,1,69
2,51,Yes,5,1,29
1,99,No,7,3,73
4,40,No,5,1,22
9,92,Yes,7,3,93
7,56,Yes,7,5,46
7,80,No,8,6,74
7,94,No,5,5,83
8,90,Yes,6,3,84
1,96,Yes,7,9,71
8,89,No,8,2,82
4,67,Yes,6,3,49
4,46,Yes,5,4,27
4,48,No,6,3,29
6,61,No,5,2,50
7,65,Yes,7,0,53
6,92,No,4,2,80
1,51,No,4,4,21
8,46,No,9,5,39
7,85,No,9,3,74
6,86,No,7,0,76
6,54,Yes,6,9,43
5,77,Yes,5,6,61
6,60,No,4,8,48
9,53,No,5,5,48
9,41,No,7,5,40
8,47,Yes,6,8,40
9,84,Yes,5,3,80
8,94,Yes,6,4,90
8,45,Yes,4,4,36
1,76,No,5,4,48
5,76,No,8,7,60
4,96,Yes,4,0,76
2,72,Yes,6,9,47
8,80,No,7,9,73
3,45,No,8,2,22
4,91,No,9,7,74
7,65,No,5,8,58
9,78,No,9,1,76
2,80,Yes,4,3,59
3,76,No,5,7,55
4,53,Yes,5,4,33
1,76,Yes,8,0,50
7,47,No,8,5,37
2,78,Yes,8,8,58
5,52,Yes,8,8,36
1,52,No,7,0,25
3,79,Yes,6,3,62
2,82,No,8,0,57
1,67,No,4,6,39
7,97,Yes,5,2,84
5,57,No,9,1,45
1,96,No,8,7,72
6,58,Yes,4,8,45
5,77,No,7,6,63
3,71,Yes,4,5,50
7,61,Yes,9,9,53
9,41,No,9,5,36
9,99,Yes,4,8,97
9,52,No,7,4,49
2,62,Yes,9,4,40
3,64,No,7,1,43
7,67,No,5,5,60
5,97,Yes,8,5,85
2,50,Yes,9,5,26
3,72,No,4,3,53
6,63,No,6,6,53
7,41,Yes,6,8,34
9,69,No,5,0,63
1,56,No,6,2,31
7,79,Yes,5,9,71
8,73,Yes,8,8,67
3,77,No,5,4,57
4,61,Yes,7,5,46
6,44,Yes,7,7,34
7,87,No,7,8,76
4,79,Yes,9,7,65
8,90,Yes,7,2,84
5,55,No,7,9,38
1,52,Yes,7,0,27
4,65,No,7,4,49
3,70,Yes,9,6,52
9,91,Yes,7,1,86
8,78,No,7,0,74
1,87,Yes,8,3,64
6,62,Yes,9,2,53
9,87,Yes,7,3,87
7,51,Yes,5,0,43
4,53,Yes,8,1,37
1,95,Yes,9,0,68
2,57,No,6,2,32
5,66,Yes,4,3,49
5,67,Yes,9,0,56
8,57,No,8,5,52
6,55,No,7,1,41
8,91,No,8,9,87
2,55,Yes,4,4,34
3,52,No,4,7,32
6,97,No,9,3,89
3,68,Yes,7,4,46
6,48,No,7,8,36
6,65,Yes,5,1,51
2,67,Yes,4,1,46
7,80,Yes,7,5,72
2,52,Yes,4,5,27
6,75,Yes,5,2,59
1,48,No,6,8,25
3,86,Yes,4,0,67
2,53,No,5,2,24
7,90,Yes,5,7,82
4,51,No,5,7,35
8,92,Yes,8,3,88
6,97,Yes,9,7,87
4,96,Yes,7,9,79
5,71,No,4,7,58
9,77,No,9,0,76
7,42,No,8,2,34
9,97,Yes,4,0,95
7,96,Yes,9,1,93
1,93,No,8,3,67
8,91,Yes,7,2,85
4,55,No,5,5,36
3,59,Yes,9,4,38
7,71,No,9,4,66
3,95,No,4,9,78
8,62,Yes,5,6,58
6,56,No,7,6,48
5,55,Yes,4,8,41
4,77,Yes,6,7,61
8,47,Yes,6,2,42
8,58,No,6,1,50
1,69,No,7,0,40
9,96,No,6,9,94
5,97,Yes,9,5,84
4,73,Yes,4,3,59
6,53,No,9,2,39
6,61,Yes,6,1,49
2,83,Yes,4,1,59
8,56,No,9,3,49
7,99,No,7,0,89
1,98,Yes,5,5,73
5,54,Yes,9,9,40
6,89,No,8,4,79
4,87,No,6,9,74
2,71,Yes,8,8,49
4,52,Yes,5,1,35
1,60,Yes,7,8,39
7,88,No,9,8,83
2,79,Yes,7,9,56
2,72,Yes,5,8,46
9,96,Yes,8,9,95
5,97,Yes,9,9,86
2,66,Yes,6,3,39
9,74,Yes,4,4,70
9,55,No,7,7,51
1,67,No,5,7,41
3,73,No,9,0,53
4,86,Yes,8,9,71
7,40,No,6,0,31
4,80,Yes,8,9,63
2,87,Yes,6,5,61
7,70,Yes,9,6,65
6,75,Yes,4,1,63
3,83,Yes,4,1,63
6,72,No,5,4,58
6,72,No,5,8,62
5,78,No,6,4,61
4,57,Yes,6,7,40
1,62,No,6,7,39
6,99,Yes,6,4,89
2,62,No,9,7,40
3,54,No,9,7,35
8,65,No,4,4,55
6,69,No,5,4,60
3,64,No,5,3,45
7,84,No,7,0,76
4,55,Yes,5,8,38
9,78,Yes,5,1,73
5,87,Yes,8,0,72
3,84,Yes,8,5,68
2,53,Yes,7,4,27
2,56,No,6,0,33
3,51,Yes,7,6,28
2,68,Yes,7,6,46
4,71,Yes,4,2,52
2,95,Yes,9,7,72
9,63,Yes,5,5,58
2,91,Yes,4,3,69
9,52,Yes,9,9,54
6,95,Yes,5,9,85
1,59,Yes,7,9,33
4,54,No,5,2,33
1,95,Yes,6,0,67
6,92,Yes,6,1,80
4,43,No,7,1,25
3,93,No,8,4,76
3,73,Yes,6,3,53
9,67,Yes,7,1,63
6,89,Yes,4,8,75
9,41,No,8,6,38
5,96,Yes,6,7,79
2,86,No,7,7,63
8,69,No,7,1,60
5,65,No,4,4,49
2,90,No,4,2,66
4,86,No,8,9,71
9,65,Yes,9,8,66
4,59,Yes,6,8,41
4,81,No,7,5,67
2,67,No,8,3,46
6,95,No,8,7,86
2,59,No,4,4,37
7,50,Yes,7,2,42
3,97,No,5,7,77
3,49,No,9,5,32
5,62,Yes,9,4,47
3,76,Yes,4,0,54
2,80,Yes,7,2,60
9,91,Yes,8,6,89
2,58,No,9,2,34
2,84,No,8,0,59
8,57,No,6,7,52
9,88,No,5,6,84
7,66,No,4,4,57
3,45,No,9,9,30
9,49,No,6,4,47
3,41,No,6,5,15
5,63,No,5,6,49
9,77,Yes,4,2,74
3,67,No,4,3,45
7,67,Yes,8,0,61
1,92,Yes,4,6,67
4,84,Yes,6,9,64
4,89,Yes,8,1,73
7,78,No,4,6,68
8,41,Yes,5,5,33
1,85,Yes,6,3,60
5,44,No,7,1,30
7,89,Yes,5,6,82
4,50,No,5,6,33
4,49,No,4,4,28
4,82,No,8,8,64
6,98,No,8,2,88
7,41,Yes,6,8,35
2,54,No,4,4,30
5,78,Yes,8,1,60
4,80,Yes,9,8,66
3,76,No,7,0,52
7,46,Yes,9,0,39
6,59,No,4,6,45
7,73,Yes,4,2,64
5,74,Yes,8,7,66
6,73,Yes,5,6,61
5,92,Yes,4,6,76
7,61,No,5,0,49
2,70,No,6,0,43
5,62,Yes,6,1,45
6,58,Yes,8,1,49
6,43,Yes,6,4,27
5,63,Yes,9,8,50
7,59,No,9,6,52
8,78,Yes,9,1,72
7,67,Yes,8,4,62
5,93,Yes,8,4,80
1,78,No,9,7,53
5,56,Yes,5,8,42
2,58,No,9,7,37
5,93,No,5,1,77
5,87,Yes,6,3,73
2,74,Yes,5,1,46
5,71,Yes,4,5,54
4,86,No,7,3,70
1,85,No,4,6,60
3,86,Yes,4,1,67
1,85,No,8,8,58
5,78,Yes,7,4,63
4,96,Yes,8,0,83
7,74,Yes,5,2,64
5,69,Yes,9,3,57
4,56,Yes,5,2,45
2,81,Yes,7,5,61
4,86,No,6,5,68
2,68,No,5,9,45
8,45,No,4,6,39
3,99,Yes,7,8,77
9,56,Yes,7,9,55
4,56,Yes,5,8,38
6,53,No,5,6,40
5,63,Yes,8,0,49
1,96,No,8,2,74
9,89,Yes,4,4,86
1,96,No,7,9,72
8,76,Yes,6,5,72
9,79,Yes,6,5,77
9,78,No,7,4,76
1,94,No,4,5,67
2,71,No,8,8,52
1,75,Yes,8,0,52
2,89,No,8,0,67
8,76,No,6,8,66
5,87,Yes,6,7,74
7,53,Yes,4,8,40
2,66,No,6,6,44
8,98,Yes,5,9,97
6,58,No,6,5,48
8,70,No,8,8,65
1,85,No,4,1,57
1,48,Yes,7,3,19
7,77,No,7,1,68
8,56,No,4,5,48
3,58,Yes,5,0,34
5,83,No,7,6,67
1,43,No,8,6,15
7,87,No,7,6,83
5,96,Yes,7,3,83
8,50,No,8,7,46
8,61,Yes,6,4,57
9,43,Yes,5,1,42
7,56,No,8,4,51
1,47,No,8,9,24
3,85,Yes,9,8,64
8,98,No,4,9,94
3,73,No,5,0,50
8,50,Yes,6,1,41
1,70,No,9,9,45
5,50,No,8,7,37
4,95,Yes,9,4,75
5,93,No,6,8,80
8,95,Yes,9,5,94
4,77,Yes,9,7,62
4,92,No,9,0,73
3,60,Yes,8,8,43
7,85,No,8,8,78
3,69,No,4,2,51
3,49,Yes,7,0,24
5,65,Yes,5,7,46
5,66,Yes,4,7,51
6,47,Yes,6,8,35
8,78,Yes,9,5,75
6,47,Yes,8,8,38
1,99,No,9,9,79
8,47,No,8,8,42
8,94,Yes,5,3,89
9,73,No,4,4,66
9,98,Yes,4,5,100
2,55,Yes,6,5,34
2,80,No,4,9,59
3,52,No,4,1,28
1,62,Yes,7,3,39
4,51,Yes,5,8,36
4,66,Yes,9,6,52
9,61,No,4,8,57
9,71,Yes,6,5,66
9,96,Yes,9,6,95
7,88,No,8,8,79
2,66,No,4,3,42
5,41,No,4,8,23
4,84,Yes,9,2,67
8,72,Yes,8,7,64
2,65,No,7,2,43
6,67,Yes,5,2,56
5,58,Yes,7,2,43
2,82,No,6,8,55
1,44,No,9,9,16
8,72,Yes,4,2,65
2,59,No,7,5,38
7,69,No,5,3,57
9,84,Yes,6,1,83
9,47,Yes,7,2,47
8,77,Yes,4,4,71
9,56,Yes,5,9,56
2,83,Yes,4,3,57
6,40,Yes,4,4,23
4,42,No,6,0,27
4,85,No,5,3,65
5,65,No,8,9,54
3,70,Yes,4,2,50
1,47,Yes,5,1,23
8,82,Yes,4,6,77
5,98,Yes,7,9,83
3,85,Yes,7,8,66
7,47,No,5,0,38
7,74,Yes,6,6,65
1,78,No,8,0,54
9,67,Yes,7,4,65
2,90,No,6,0,68
5,43,No,8,2,31
5,96,No,7,7,83
8,55,No,8,3,49
8,52,No,9,0,45
7,59,No,4,0,46
7,90,No,5,7,85
6,44,Yes,7,7,33
6,94,Yes,7,3,83
9,76,No,4,3,71
6,59,Yes,7,9,49
2,63,Yes,7,1,39
2,75,No,9,1,51
5,73,Yes,7,5,57
4,97,No,7,7,81
2,84,Yes,7,6,65
3,87,No,6,6,66
7,93,Yes,7,2,86
8,73,No,4,1,66
6,58,Yes,9,9,50
5,56,Yes,7,6,46
1,44,Yes,8,3,20
8,64,No,9,0,58
3,57,No,9,0,38
6,99,Yes,8,3,91
3,94,Yes,4,4,77
7,92,No,6,4,83
7,89,Yes,4,0,79
9,47,Yes,6,2,50
5,66,No,5,5,51
8,54,No,8,9,49
8,84,Yes,9,6,79
1,52,No,9,0,26
5,55,Yes,9,7,42
3,61,Yes,8,3,42
1,59,No,8,8,35
4,52,Yes,6,5,31
8,59,No,9,0,50
3,41,No,4,1,18
2,74,Yes,6,2,50
9,86,No,9,1,82
5,94,Yes,8,9,78
7,58,No,8,6,53
2,84,Yes,8,0,65
9,76,No,9,8,76
9,97,Yes,8,1,94
4,93,Yes,5,3,79
4,45,No,8,7,27
6,53,Yes,9,2,43
6,43,Yes,6,8,30
1,61,Yes,8,6,37
9,90,Yes,7,9,90
2,94,Yes,5,2,68
5,78,Yes,9,2,64
9,75,No,8,4,73
4,73,No,7,4,53
3,66,No,9,9,46
7,46,No,6,4,37
6,42,Yes,5,8,29
8,86,Yes,8,8,80
3,72,No,6,5,52
5,41,Yes,9,6,29
4,81,No,7,9,70
4,55,Yes,9,7,40
4,64,Yes,9,8,49
8,99,No,5,5,92
6,54,Yes,8,7,46
3,63,No,6,1,42
5,54,No,5,9,41
6,70,No,7,7,60
5,53,Yes,8,1,41
6,93,Yes,5,7,83
8,53,No,7,1,43
7,45,Yes,7,2,36
5,53,No,6,6,38
6,56,No,9,8,47
4,57,Yes,7,2,40
9,59,No,7,4,59
4,90,Yes,9,8,76
1,56,Yes,4,6,31
7,55,Yes,7,1,44
7,79,No,8,4,71
4,78,No,5,4,59
3,91,Yes,9,8,69
8,71,Yes,9,1,63
5,99,No,9,0,87
7,83,Yes,8,3,77
4,48,Yes,9,3,31
4,66,No,8,0,47
8,85,No,6,9,78
8,91,No,4,6,86
2,72,Yes,9,1,48
2,49,No,4,8,24
3,56,No,9,6,39
3,88,No,8,6,71
1,88,No,5,0,60
3,75,No,4,8,54
6,56,No,4,9,45
8,57,No,8,8,51
6,91,Yes,4,1,78
5,62,No,6,9,48
4,73,Yes,8,8,59
3,47,Yes,4,1,28
4,52,No,4,1,35
7,62,Yes,4,7,55
1,96,No,8,2,69
7,93,Yes,5,2,87
1,59,No,7,6,32
2,61,Yes,9,9,37
4,86,No,4,5,66
1,91,No,7,6,66
9,62,Yes,7,5,56
6,80,Yes,4,8,70
1,74,No,4,1,48
1,42,Yes,9,7,17
6,73,No,7,5,59
4,72,Yes,5,3,56
4,85,No,7,5,66
6,56,Yes,5,5,41
7,84,No,6,9,76
9,58,Yes,5,2,54
5,69,No,9,7,57
9,62,Yes,8,4,62
4,54,No,4,9,38
2,98,Yes,6,3,73
3,96,Yes,7,1,72
1,53,No,5,9,28
6,41,Yes,6,0,28
6,78,Yes,8,6,67
1,88,No,5,9,62
3,57,No,9,2,36
5,45,No,7,2,33
3,98,No,7,2,74
3,71,Yes,5,9,52
3,60,Yes,8,2,38
5,79,Yes,4,1,62
5,67,No,4,5,50
4,66,Yes,7,9,48
1,41,Yes,8,2,15
5,72,No,7,0,51
5,55,Yes,4,9,37
4,78,Yes,7,8,59
6,61,No,5,5,46
4,95,Yes,9,5,78
7,82,No,5,9,74
7,86,No,9,8,78
2,52,Yes,8,1,27
3,95,Yes,4,9,74
1,41,Yes,8,8,15
8,53,No,8,2,46
9,95,No,4,2,90
4,77,Yes,6,2,58
6,80,Yes,6,0,65
9,67,No,7,9,65
6,46,Yes,6,6,36
9,57,Yes,5,9,52
4,95,No,9,6,79
8,80,Yes,8,1,74
9,94,Yes,7,5,93
4,75,Yes,8,3,57
5,80,Yes,4,6,65
8,75,No,6,6,69
6,83,No,4,3,71
7,43,No,7,2,31
3,96,No,9,6,78
7,69,Yes,5,8,60
8,63,Yes,6,3,58
6,59,Yes,4,5,46
9,85,Yes,9,6,87
6,95,No,6,9,81
9,70,Yes,8,2,69
4,63,Yes,5,4,46
8,46,No,9,0,41
4,65,No,6,5,50
2,52,No,5,4,24
9,93,Yes,9,6,97
5,47,No,8,8,35
4,94,Yes,8,3,82
2,44,Yes,4,8,24
1,83,No,7,5,59
7,52,No,4,4,42
6,68,No,5,1,56
2,59,Yes,4,0,30
8,53,Yes,9,7,49
4,71,Yes,6,5,56
8,99,No,9,6,98
7,89,Yes,4,5,79
5,66,Yes,7,9,54
8,95,Yes,9,6,93
9,64,Yes,9,8,63
5,91,No,9,4,76
5,43,Yes,7,0,27
2,60,No,9,0,35
5,57,No,5,8,39
3,78,Yes,8,4,59
7,54,Yes,7,1,50
5,92,No,5,2,77
8,77,Yes,7,0,70
1,87,No,7,5,62
3,91,Yes,8,5,71
3,63,Yes,6,2,39
9,47,No,5,2,41
5,67,Yes,7,6,51
9,60,No,7,0,52
9,55,No,4,4,49
1,99,Yes,9,2,76
2,93,No,6,4,71
5,55,Yes,8,3,42
4,74,Yes,5,5,60
9,56,Yes,7,8,53
7,48,No,9,1,40
6,96,Yes,5,9,85
7,74,Yes,8,7,70
1,91,No,6,1,63
1,68,No,4,3,42
8,78,No,6,8,73
2,57,No,4,3,35
9,51,Yes,5,6,48
7,58,Yes,6,4,49
6,87,Yes,6,1,75
1,61,Yes,6,7,35
1,98,No,8,9,70
2,95,No,5,9,71
6,88,Yes,4,1,74
6,91,No,6,2,77
2,54,No,5,9,30
1,40,No,9,6,13
5,41,No,8,4,26
5,47,No,8,9,35
2,61,Yes,9,2,40
6,64,Yes,5,1,55
9,41,No,4,5,37
2,90,No,5,9,64
2,48,Yes,5,0,23
3,48,Yes,7,7,27
7,52,No,8,4,42
6,45,No,4,4,34
8,69,No,7,1,63
8,54,Yes,9,6,50
6,90,No,5,4,75
3,92,No,9,7,74
3,54,No,8,4,39
1,89,No,7,8,63
7,46,No,7,4,36
5,97,No,4,2,84
4,50,No,5,1,30
4,79,No,4,4,60
4,77,Yes,7,9,61
6,79,Yes,7,9,70
8,41,Yes,4,4,32
8,90,No,7,5,87
5,87,Yes,6,1,72
6,78,Yes,8,4,68
4,49,Yes,5,0,29
9,83,Yes,8,2,78
8,56,Yes,5,2,45
1,46,No,7,2,20
2,93,Yes,4,2,66
9,79,No,4,7,77
8,78,No,7,0,72
3,43,Yes,5,5,26
8,74,No,7,5,67
1,90,Yes,5,0,67
4,86,No,7,0,68
3,75,No,7,2,56
6,70,Yes,7,7,61
7,64,No,4,5,50
4,80,No,5,3,68
7,52,No,9,4,47
9,57,No,7,9,56
2,60,No,8,2,40
3,87,No,8,5,68
5,40,No,4,5,26
3,75,No,6,5,55
8,89,Yes,9,8,84
8,47,No,4,9,40
8,91,Yes,6,7,85
9,87,Yes,4,5,85
4,60,No,8,1,40
5,82,No,7,3,68
5,91,Yes,5,5,74
8,92,Yes,7,8,90
7,92,Yes,8,1,82
9,60,No,5,5,57
8,66,No,6,9,61
2,58,No,6,9,38
4,62,Yes,8,9,46
6,90,No,5,6,80
2,89,No,7,7,67
7,90,No,8,8,84
3,82,No,6,4,58
3,74,Yes,8,8,55
2,79,No,7,8,57
8,91,No,4,6,87
6,90,Yes,9,1,80
1,81,No,9,7,54
1,87,Yes,9,4,64
7,44,Yes,4,7,33
8,91,No,7,1,83
5,80,Yes,5,6,66
5,47,No,8,4,33
4,50,Yes,7,3,31
6,55,Yes,4,9,40
6,78,No,6,5,66
3,86,Yes,9,4,67
9,63,No,9,5,64
7,60,No,7,8,52
1,91,No,9,0,68
7,62,No,9,0,58
5,88,Yes,7,5,72
5,77,No,7,1,65
2,86,Yes,4,7,65
4,47,No,4,6,24
6,46,Yes,9,5,35
7,41,Yes,7,3,34
5,69,Yes,7,8,57
9,52,Yes,9,6,54
3,62,No,5,6,42
1,68,No,6,4,39
4,77,Yes,8,0,62
9,76,Yes,8,1,71
4,59,No,9,7,42
2,72,Yes,8,4,52
5,68,Yes,4,1,54
3,89,No,4,4,68
9,54,Yes,5,7,50
4,62,Yes,9,3,46
6,81,No,4,2,68
2,42,Yes,9,4,19
6,76,No,9,6,68
3,95,No,7,1,74
9,68,No,6,0,63
2,84,No,6,4,60
9,47,Yes,9,6,47
5,61,No,6,7,47
8,92,No,6,7,87
2,68,Yes,8,9,45
6,41,No,8,8,31
3,80,Yes,7,0,61
5,88,No,5,6,73
8,98,No,4,9,92
1,89,No,4,7,65
5,84,No,8,5,69
3,40,Yes,9,9,20
4,83,Yes,6,3,66
2,59,Yes,7,6,38
9,91,No,5,2,81
3,60,No,8,1,39
2,76,No,9,5,53
9,47,Yes,7,1,44
7,66,No,9,5,58
6,86,Yes,7,9,79
1,98,Yes,8,2,75
5,74,Yes,7,1,59
3,45,No,6,7,23
1,99,No,7,3,74
4,84,No,5,3,65
2,83,No,7,6,60
2,58,Yes,4,7,32
3,57,Yes,7,8,38
8,95,No,9,9,91
8,40,No,8,7,34
7,64,No,4,3,46
6,66,Yes,8,1,55
9,46,No,9,9,43
4,83,Yes,5,4,67
1,81,Yes,6,6,56
8,68,Yes,5,1,58
7,70,Yes,4,3,60
7,83,Yes,9,5,77
3,82,Yes,9,7,69
4,75,Yes,6,9,60
9,58,No,7,5,52
6,45,No,4,5,36
5,64,No,6,5,49
3,70,Yes,8,3,50
9,48,Yes,6,2,48
5,59,No,8,0,43
5,49,Yes,8,1,34
4,76,Yes,9,1,57
4,66,Yes,6,9,50
1,52,Yes,9,6,28
7,80,Yes,9,5,72
9,41,Yes,5,7,38
3,89,Yes,5,8,68
2,60,Yes,9,4,41
3,72,Yes,9,2,53
1,63,Yes,8,3,36
6,92,Yes,9,7,80
7,83,Yes,4,2,73
2,81,No,6,1,59
8,73,Yes,4,6,67
6,99,Yes,5,3,91
4,48,No,4,7,34
5,41,No,7,0,23
8,94,No,7,7,86
3,95,Yes,5,4,73
3,69,Yes,4,1,49
4,61,No,6,0,43
1,85,No,5,5,61
9,50,No,7,8,45
8,94,Yes,5,8,85
8,82,Yes,4,8,75
6,56,No,4,3,44
7,75,Yes,4,5,66
6,52,Yes,8,9,45
9,46,No,4,5,40
3,55,No,9,4,38
3,72,No,7,1,50
3,84,Yes,7,6,67
3,40,Yes,8,0,21
9,50,Yes,7,5,51
4,45,Yes,7,4,25
7,59,Yes,5,4,53
9,74,No,4,7,71
7,83,Yes,9,8,77
9,76,Yes,9,6,75
3,80,No,5,9,60
4,65,No,9,7,49
8,97,No,5,1,87
6,51,No,9,1,40
5,69,Yes,7,7,56
4,67,Yes,6,5,49
8,66,No,4,7,59
1,81,Yes,6,8,59
9,58,No,7,8,54
1,44,Yes,8,5,17
8,97,Yes,5,7,90
4,44,Yes,9,1,23
9,80,No,9,7,82
5,66,No,7,2,49
3,67,Yes,9,0,50
9,65,Yes,7,6,60
9,66,No,6,0,60
4,91,No,8,0,74
4,88,Yes,5,0,71
8,81,Yes,9,3,77
2,60,No,8,3,34
9,40,Yes,8,9,39
6,93,No,8,5,85
9,67,No,4,9,64
8,87,Yes,8,2,87
7,97,Yes,7,9,91
1,97,Yes,4,5,73
3,54,No,4,6,34
2,94,No,8,0,70
5,56,No,9,5,42
5,65,Yes,9,9,55
5,59,Yes,9,0,45
4,64,No,9,6,49
5,52,No,7,9,37
3,72,Yes,9,4,55
1,64,No,5,9,38
5,47,Yes,8,3,35
9,44,Yes,4,0,41
9,45,No,5,8,43
4,62,No,9,6,46
3,91,No,5,1,69
1,69,No,4,3,37
2,53,No,9,3,31
8,93,Yes,5,7,90
1,62,No,7,1,33
8,50,Yes,7,4,44
7,70,No,8,9,62
8,45,No,8,7,41
6,50,No,5,5,38
9,52,No,4,3,45
3,51,No,7,4,34
4,93,No,6,1,72
6,41,Yes,8,4,29
8,92,No,7,2,83
5,74,No,9,2,61
3,94,No,5,6,75
6,75,No,7,2,63
4,56,Yes,7,3,36
9,67,Yes,5,6,62
3,67,Yes,8,2,49
4,61,Yes,8,9,46
7,77,Yes,6,9,69
7,46,Yes,6,1,35
4,54,No,8,9,38
6,71,No,8,6,62
3,50,Yes,8,4,30
6,63,No,8,0,52
2,42,No,7,9,16
8,69,No,6,7,66
2,45,No,5,2,20
7,97,No,4,6,86
9,41,Yes,5,5,38
1,53,Yes,9,9,30
8,80,Yes,4,5,71
7,57,Yes,7,7,49
6,90,Yes,9,3,79
6,83,Yes,6,3,69
6,70,No,4,2,56
9,52,Yes,8,0,47
2,65,No,9,9,41
1,83,No,7,2,58
6,51,Yes,4,0,38
8,57,Yes,8,5,52
3,48,Yes,9,7,25
1,88,No,7,2,62
9,60,Yes,9,3,60
1,87,Yes,4,4,63
3,88,Yes,8,6,72
8,92,No,6,5,84
3,95,Yes,7,1,74
4,79,Yes,4,6,61
8,82,No,8,7,77
1,63,No,6,0,36
6,73,No,9,5,65
1,47,Yes,8,8,23
1,83,Yes,6,6,60
8,92,No,4,4,83
4,72,Yes,8,9,56
1,62,No,8,9,37
7,52,No,5,8,43
5,93,No,7,1,76
5,92,No,8,6,83
1,88,No,6,8,63
6,53,Yes,7,1,39
9,53,Yes,4,9,48
9,55,Yes,7,5,53
8,88,Yes,5,8,84
5,77,No,4,2,63
1,97,Yes,8,7,73
9,99,No,9,4,99
1,78,No,4,6,52
8,65,Yes,4,2,58
5,65,Yes,5,7,50
3,40,No,6,1,18
7,71,Yes,4,7,62
7,96,Yes,6,1,87
9,54,Yes,7,6,53
7,91,Yes,9,1,87
3,60,No,5,6,37
1,57,No,8,0,31
8,69,Yes,4,5,63
3,99,No,9,9,81
8,97,No,9,6,95
8,52,Yes,6,3,45
5,63,Yes,4,0,48
1,69,No,9,5,47
7,41,No,5,3,31
5,58,No,8,2,43
8,86,Yes,7,3,82
9,83,No,7,5,80
7,86,No,6,4,76
7,64,Yes,9,1,57
1,89,No,7,1,64
4,53,Yes,6,2,35
2,45,Yes,8,5,24
2,51,No,4,0,30
2,59,Yes,5,6,38
4,62,Yes,8,7,45
1,69,No,8,6,44
4,69,Yes,7,2,53
2,77,No,7,5,53
5,97,Yes,5,3,84
3,69,Yes,4,4,47
8,80,No,8,2,76
4,69,No,9,4,57
1,96,No,7,5,71
1,97,Yes,8,7,74
3,75,No,4,5,54
9,88,Yes,6,8,84
7,73,No,4,9,62
2,55,Yes,8,9,35
9,63,No,8,9,62
2,53,Yes,5,9,30
3,65,No,8,3,47
2,47,Yes,7,1,25
3,53,Yes,9,8,40
6,70,Yes,5,2,56
9,41,Yes,8,6,38
9,87,No,4,3,86
7,43,Yes,8,0,38
3,40,No,4,7,17
4,94,Yes,4,3,75
6,59,No,8,5,48
5,98,Yes,4,6,87
2,53,Yes,9,7,32
6,79,No,6,9,68
3,64,No,5,1,42
8,99,Yes,8,8,96
2,64,No,6,9,42
1,42,No,4,2,18
9,44,No,4,0,41
3,77,Yes,5,1,54
1,93,No,6,7,67
7,65,Yes,6,9,57
5,79,No,8,5,65
5,77,No,4,0,62
1,77,Yes,7,8,56
9,43,No,8,6,39
7,46,No,8,9,38
8,69,No,8,2,65
9,69,No,5,6,68
6,95,No,5,5,82
5,58,No,8,2,44
6,78,No,9,7,67
2,74,Yes,7,0,53
4,79,Yes,6,4,61
3,72,Yes,6,7,53
7,72,Yes,4,2,61
9,53,Yes,6,9,49
5,77,No,6,5,61
6,49,Yes,7,9,38
2,96,Yes,6,1,76
3,67,No,7,8,47
3,53,Yes,5,1,32
9,75,No,7,4,71
7,77,No,5,2,69
8,55,Yes,7,9,53
9,99,Yes,8,8,100
6,60,No,9,8,49
4,67,No,5,6,48
1,72,Yes,5,9,45
8,45,No,6,4,40
7,80,Yes,5,8,71
2,54,Yes,7,6,34
8,83,Yes,8,1,76
5,42,Yes,8,9,29
7,82,No,6,0,71
4,86,No,7,9,69
5,74,Yes,7,9,58
8,53,Yes,4,3,43
1,41,No,5,9,17
1,68,No,6,7,41
4,43,No,8,5,27
3,65,No,9,1,45
2,90,No,4,4,65
3,51,Yes,7,8,31
1,41,Yes,5,5,14
1,56,Yes,8,5,33
6,74,Yes,4,6,60
5,49,No,7,4,34
8,87,No,8,2,82
2,61,Yes,8,2,40
4,80,Yes,7,4,66
8,82,No,7,3,76
6,60,Yes,6,4,46
1,54,Yes,8,8,31
4,74,No,7,4,57
1,87,No,9,3,65
2,60,No,9,3,38
5,60,Yes,4,0,46
8,60,No,5,9,53
8,99,No,9,3,97
3,83,Yes,6,3,63
4,71,No,7,8,55
6,94,Yes,5,3,79
3,44,Yes,6,6,26
2,78,Yes,8,0,55
6,48,Yes,5,6,37
5,92,No,9,1,78
5,57,Yes,6,7,45
5,60,No,7,0,45
5,47,No,7,9,34
3,83,No,6,2,66
7,91,No,8,7,79
6,73,No,9,9,63
4,49,Yes,6,7,32
2,90,No,4,4,64
9,80,Yes,6,4,78
1,96,Yes,6,7,69
4,63,Yes,9,9,46
1,79,No,7,4,54
6,63,No,8,8,51
4,95,No,6,0,78
5,71,No,5,4,54
5,95,Yes,7,2,80
9,72,No,7,2,67
1,77,No,6,1,48
2,83,Yes,9,2,61
6,96,Yes,5,6,83
5,95,Yes,6,7,82
7,90,Yes,5,7,78
3,98,Yes,7,7,78
3,88,Yes,5,0,70
2,73,Yes,6,6,48
3,50,No,4,1,26
1,70,No,4,9,46
5,57,Yes,5,3,42
5,62,Yes,9,4,46
7,99,No,6,0,91
4,61,Yes,8,3,47
3,82,Yes,4,3,61
1,57,Yes,7,8,31
8,79,Yes,6,8,71
3,86,Yes,6,9,66
2,80,No,4,0,52
4,86,Yes,8,7,71
3,78,Yes,7,3,60
1,59,Yes,8,3,32
3,52,No,7,4,33
2,84,No,4,1,56
8,40,Yes,6,0,32
6,91,Yes,7,4,76
9,43,Yes,6,6,40
8,63,Yes,5,9,60
3,75,No,5,8,54
5,75,No,4,1,59
7,84,Yes,4,7,74
5,41,Yes,9,6,29
8,67,No,4,1,61
5,65,No,5,4,50
1,62,Yes,7,6,36
5,54,Yes,8,2,41
4,75,Yes,4,1,60
6,66,No,8,5,56
3,45,No,8,9,23
5,74,No,5,5,63
2,78,No,9,3,54
6,77,Yes,7,0,64
6,74,No,5,4,64
5,75,No,4,0,58
6,49,No,5,7,38
7,69,Yes,5,1,60
5,92,No,5,8,79
1,80,No,4,8,57
8,77,No,4,2,69
4,68,Yes,5,5,51
9,91,No,5,8,86
6,98,Yes,8,6,90
1,82,Yes,7,3,57
3,78,No,8,2,61
3,89,Yes,9,1,71
4,43,No,7,9,30
6,44,Yes,9,9,34
7,43,Yes,7,0,34
4,75,No,5,9,58
6,98,No,8,0,85
1,84,Yes,7,3,55
8,55,Yes,9,3,51
7,64,Yes,7,8,53
9,53,Yes,4,9,51
3,50,No,7,0,31
2,68,Yes,5,3,44
1,73,Yes,6,2,48
3,61,No,4,8,41
5,53,Yes,6,4,40
2,95,No,5,8,72
3,63,No,6,9,41
4,98,No,7,5,78
7,78,Yes,6,8,70
3,65,No,8,0,41
9,82,No,5,3,78
8,75,No,8,3,70
4,78,Yes,6,9,61
1,55,Yes,8,9,33
1,97,Yes,4,5,71
1,77,Yes,6,9,51
1,98,No,9,0,72
8,71,No,8,9,69
3,45,No,7,4,21
6,73,Yes,6,2,61
3,95,No,9,0,76
5,47,Yes,4,5,30
7,69,Yes,7,2,59
2,66,Yes,6,3,45
6,46,No,7,8,39
6,66,No,6,1,53
3,64,Yes,6,0,43
6,95,No,5,9,85
5,85,Yes,8,5,70
2,80,No,6,0,56
9,54,Yes,4,0,52
8,64,Yes,9,6,65
3,61,Yes,8,1,39
8,57,No,5,3,48
9,51,No,8,3,47
3,62,No,8,1,41
3,90,No,6,5,72
2,84,No,4,9,61
8,78,Yes,6,1,74
1,64,No,4,7,38
8,49,Yes,4,3,42
7,69,No,7,0,60
7,49,No,6,6,35
3,73,No,5,5,52
1,85,Yes,9,5,61
4,52,No,8,2,32
9,93,Yes,7,9,95
5,68,No,5,6,53
1,77,Yes,9,5,54
5,80,Yes,9,9,70
8,84,Yes,6,9,78
8,48,Yes,4,8,42
5,52,No,6,2,33
9,76,No,9,2,75
1,53,Yes,6,3,26
4,76,No,7,2,58
3,48,Yes,5,3,29
2,47,No,9,5,29
8,78,No,7,0,70
7,79,No,5,1,67
9,93,Yes,7,9,93
2,42,No,8,5,21
4,94,Yes,4,5,74
6,95,No,4,0,82
3,86,Yes,4,5,65
8,79,No,8,8,75
3,72,Yes,9,7,55
2,71,Yes,9,9,54
3,46,Yes,8,4,26
6,58,No,4,3,48
2,73,Yes,4,5,49
8,53,No,5,4,49
1,89,Yes,5,5,64
7,86,Yes,6,9,81
2,85,Yes,7,2,64
6,95,No,5,6,82
2,96,No,5,7,74
2,58,No,5,4,32
8,90,No,5,4,83
2,93,No,8,3,68
7,98,No,6,9,90
3,65,No,5,4,44
8,56,Yes,9,9,51
7,93,Yes,7,7,86
8,67,No,5,4,62
7,58,No,8,8,48
6,66,No,9,0,56
7,87,No,4,6,79
5,91,No,4,4,74
7,96,Yes,6,3,82
1,58,No,4,2,32
1,72,No,5,9,46
9,90,No,8,6,88
5,46,Yes,6,1,35
5,68,Yes,9,4,56
3,94,Yes,5,1,74
5,82,Yes,4,6,67
3,44,No,7,5,23
9,69,Yes,5,9,67
9,88,Yes,7,6,86
6,82,Yes,9,8,70
1,95,Yes,7,1,68
7,97,Yes,9,8,91
7,47,No,6,6,42
4,81,Yes,8,1,62
8,51,Yes,4,9,44
6,81,Yes,4,1,67
4,52,No,5,3,35
4,65,No,4,1,46
2,57,No,6,0,31
2,81,No,4,5,59
4,90,No,5,9,71
5,91,No,4,4,74
8,88,No,8,2,80
6,59,No,9,0,49
4,55,Yes,7,8,39
7,76,Yes,7,7,67
8,42,No,9,5,38
2,66,Yes,7,5,47
7,54,No,8,3,41
2,97,Yes,6,1,75
2,73,Yes,5,3,53
8,84,No,8,1,81
2,61,Yes,5,6,37
9,79,No,6,8,77
1,62,No,8,1,36
9,98,Yes,4,8,95
1,88,No,6,8,65
2,43,Yes,7,7,18
6,90,Yes,8,0,80
6,93,No,6,4,81
1,96,No,6,9,73
7,80,No,8,3,74
8,62,No,7,6,57
2,86,No,9,7,64
8,99,Yes,7,9,97
9,48,No,6,7,42
6,63,Yes,5,1,48
5,60,No,9,2,46
9,80,Yes,9,9,79
9,85,Yes,6,9,83
1,94,Yes,8,6,70
3,92,Yes,8,3,73
9,55,Yes,8,5,56
2,95,No,7,7,71
4,94,Yes,4,7,76
4,64,No,8,6,49
2,65,Yes,8,1,43
3,88,No,9,1,67
3,84,Yes,5,2,63
1,48,Yes,5,3,18
6,54,No,6,0,43
